<?xml version="1.0" encoding="utf-8"?>
<!--/741085/1127645/2.50/2/3/Capacitor/-->
<quadcept_library>
  <setting unit="mil" />
  <textstyle name="Default" height="47.244094488189" strokewidth="7.8740157480315" charwidth="47.244094488189" />
  <textstyle name="Dimension" height="19.6850393700787" strokewidth="0" charwidth="19.6850393700787" />
  <textstyle name="H127W0635TH00762" height="50" strokewidth="3" charwidth="25" />
  <textstyle name="H15W15TH02" height="59.0551181102362" strokewidth="7.8740157480315" charwidth="59.0551181102362" />
  <padstyle name="r41.5_38" surface="True" plated="False" isvia="False" nopaste="False" nomask="True" complex="False" holesize="0">
    <padshape layer="TOP" shape="rectangle" width="14.96062992126" height="16.338582677165" />
    <padshape layer="TOP_SOLDER_MASK" shape="rectangle" width="22.834645669291" height="24.212598425197" />
    <padshape layer="TOP_SOLDER_PASTE" shape="rectangle" width="14.96062992126" height="16.338582677165" />
  </padstyle>
  <footprint name="CAPC0502X28N" originx="0" originy="0" pickpointx="0" pickpointy="0">
    <pcbpin number="1" name="1" style="r41.5_38" originx="-12.125984251968" originy="0" rotation="90" />
    <pcbpin number="2" name="2" style="r41.5_38" originx="12.125984251968" originy="0" rotation="90" />
    <line layer="TOP_PLACE_BOUND" originx="-26.181102362204" originy="13.385826771653" endx="26.181102362204" endy="13.385826771653" width="1.9685039370079" />
    <line layer="TOP_PLACE_BOUND" originx="26.181102362204" originy="13.385826771653" endx="26.181102362204" endy="-13.385826771653" width="1.9685039370079" />
    <line layer="TOP_PLACE_BOUND" originx="26.181102362204" originy="-13.385826771653" endx="-26.181102362204" endy="-13.385826771653" width="1.9685039370079" />
    <line layer="TOP_PLACE_BOUND" originx="-26.181102362204" originy="-13.385826771653" endx="-26.181102362204" endy="13.385826771653" width="1.9685039370079" />
    <line layer="TOP_ASSEMBLY" originx="-9.8425196850392" originy="4.9212598425196" endx="9.8425196850392" endy="4.9212598425196" width="3.9370078740157" />
    <line layer="TOP_ASSEMBLY" originx="9.8425196850392" originy="4.9212598425196" endx="9.8425196850392" endy="-4.9212598425196" width="3.9370078740157" />
    <line layer="TOP_ASSEMBLY" originx="9.8425196850392" originy="-4.9212598425196" endx="-9.8425196850392" endy="-4.9212598425196" width="3.9370078740157" />
    <line layer="TOP_ASSEMBLY" originx="-9.8425196850392" originy="-4.9212598425196" endx="-9.8425196850392" endy="4.9212598425196" width="3.9370078740157" />
  </footprint>
  <symbol name="GRMMDXR60J105ME05D" originx="0" originy="0">
    <line originx="220" originy="100" endx="220" endy="-100" width="0" />
    <line originx="280" originy="100" endx="280" endy="-100" width="0" />
    <line originx="200" originy="0" endx="220" endy="0" width="0" />
    <line originx="280" originy="0" endx="300" endy="0" width="0" />
    <sympin number="1" originx="200" originy="0" rotation="180" length="100" width="7.8740157480315" flipped="False">
      <text name="pinname" originx="0" originy="-10" style="Default" rotation="0" justify="upperleft" flipped="False" hidden="True" data="1" />
      <text name="pindes" originx="0" originy="10" style="Default" rotation="0" justify="lowerleft" flipped="False" hidden="False" data="1" />
    </sympin>
    <sympin number="2" originx="300" originy="0" rotation="0" length="100" width="7.8740157480315" flipped="False">
      <text name="pinname" originx="500" originy="-10" style="Default" rotation="0" justify="upperright" flipped="False" hidden="True" data="2" />
      <text name="pindes" originx="500" originy="10" style="Default" rotation="0" justify="lowerright" flipped="False" hidden="False" data="2" />
    </sympin>
  </symbol>
  <component name="GRMMDXR60J105ME05D" designatorprefix="C" height="10.826771653543" footprint="CAPC0502X28N">
    <comppin designator="1" sympin="1" pinswap="0" gateswap="0" gate="1" group="1" side="" type="Any" name="1" />
    <comppin designator="2" sympin="2" pinswap="0" gateswap="0" gate="1" group="1" side="" type="Any" name="2" />
    <attached_symbol gate="1" name="GRMMDXR60J105ME05D" />
    <pinmap designator="1" footprintpin="1" />
    <pinmap designator="2" footprintpin="2" />
    <text name="Datasheet" originx="0" originy="0" style="Default" rotation="0" justify="" flipped="False" hidden="True" data="" />
    <text name="Description" originx="0" originy="0" style="Default" rotation="0" justify="" flipped="False" hidden="True" data="Multilayer Ceramic Capacitors MLCC - SMD/SMT 015008 1uF 6.3V X5R Derate Mobile Only" />
    <text name="Mouser Part Number" originx="0" originy="0" style="Default" rotation="0" justify="" flipped="False" hidden="True" data="81-GRMMDXR60J105ME5D" />
    <text name="Mouser Price/Stock" originx="0" originy="0" style="Default" rotation="0" justify="" flipped="False" hidden="True" data="https://www.mouser.co.uk/ProductDetail/Murata-Electronics/GRMMDXR60J105ME05D?qs=%252Bdbji%2FA6pC8gun9kUCdQZQ%3D%3D" />
    <text name="Manufacturer_Name" originx="0" originy="0" style="Default" rotation="0" justify="" flipped="False" hidden="True" data="Murata Electronics" />
    <text name="Manufacturer_Part_Number" originx="350" originy="150" style="Default" rotation="0" justify="left" flipped="False" hidden="False" data="GRMMDXR60J105ME05D" />
  </component>
</quadcept_library>
