<?xml version="1.0" encoding="utf-8"?>
<!--/2285993/1127645/2.50/4/4/Crystal or Oscillator/-->
<quadcept_library>
  <setting unit="mil" />
  <textstyle name="Default" height="47.244094488189" strokewidth="7.8740157480315" charwidth="47.244094488189" />
  <textstyle name="Dimension" height="19.6850393700787" strokewidth="0" charwidth="19.6850393700787" />
  <textstyle name="H127W0635TH00762" height="50" strokewidth="3" charwidth="25" />
  <textstyle name="H15W15TH02" height="59.0551181102362" strokewidth="7.8740157480315" charwidth="59.0551181102362" />
  <padstyle name="r130_130" surface="True" plated="False" isvia="False" nopaste="False" nomask="True" complex="False" holesize="0">
    <padshape layer="TOP" shape="rectangle" width="51.181102362204" height="51.181102362204" />
    <padshape layer="TOP_SOLDER_MASK" shape="rectangle" width="59.055118110235" height="59.055118110235" />
    <padshape layer="TOP_SOLDER_PASTE" shape="rectangle" width="51.181102362204" height="51.181102362204" />
  </padstyle>
  <footprint name="EB2532YA1225000MTR" originx="0" originy="0" pickpointx="0" pickpointy="0">
    <pcbpin number="1" name="1" style="r130_130" originx="-33.464566929133" originy="41.338582677165" rotation="0" />
    <pcbpin number="2" name="2" style="r130_130" originx="-33.464566929133" originy="-41.338582677165" rotation="0" />
    <pcbpin number="3" name="3" style="r130_130" originx="33.464566929133" originy="-41.338582677165" rotation="0" />
    <pcbpin number="4" name="4" style="r130_130" originx="33.464566929133" originy="41.338582677165" rotation="0" />
    <line layer="TOP_ASSEMBLY" originx="49.212598425196" originy="62.992125984251" endx="-49.212598425196" endy="62.992125984251" width="7.8740157480314" />
    <line layer="TOP_ASSEMBLY" originx="-49.212598425196" originy="62.992125984251" endx="-49.212598425196" endy="-62.992125984251" width="7.8740157480314" />
    <line layer="TOP_ASSEMBLY" originx="-49.212598425196" originy="-62.992125984251" endx="49.212598425196" endy="-62.992125984251" width="7.8740157480314" />
    <line layer="TOP_ASSEMBLY" originx="49.212598425196" originy="-62.992125984251" endx="49.212598425196" endy="62.992125984251" width="7.8740157480314" />
    <line layer="TOP_PLACE_BOUND" originx="98.425196850392" originy="106.29921259842" endx="-118.11023622047" endy="106.29921259842" width="3.9370078740157" />
    <line layer="TOP_PLACE_BOUND" originx="-118.11023622047" originy="106.29921259842" endx="-118.11023622047" endy="-106.29921259842" width="3.9370078740157" />
    <line layer="TOP_PLACE_BOUND" originx="-118.11023622047" originy="-106.29921259842" endx="98.425196850392" endy="-106.29921259842" width="3.9370078740157" />
    <line layer="TOP_PLACE_BOUND" originx="98.425196850392" originy="-106.29921259842" endx="98.425196850392" endy="106.29921259842" width="3.9370078740157" />
    <line layer="TOP_SILKSCREEN" originx="-78.740157480314" originy="44.094488188976" endx="-78.740157480314" endy="44.094488188976" width="3.9370078740157" />
    <arc layer="TOP_SILKSCREEN" originx="-72.83464566929" originy="44.094488188976" startangle="180.0" sweepangle="180.0" radius="1.9685039370078" width="3.9370078740157" />
    <line layer="TOP_SILKSCREEN" originx="-74.803149606298" originy="44.094488188976" endx="-74.803149606298" endy="44.094488188976" width="3.9370078740157" />
    <arc layer="TOP_SILKSCREEN" originx="-72.83464566929" originy="44.094488188976" startangle=".0" sweepangle="180.0" radius="1.9685039370078" width="3.9370078740157" />
    <line layer="TOP_SILKSCREEN" originx="-49.212598425196" originy="-3.9370078740157" endx="-49.212598425196" endy="7.8740157480314" width="3.9370078740157" />
    <line layer="TOP_SILKSCREEN" originx="49.212598425196" originy="-1.9685039370079" endx="49.212598425196" endy="7.8740157480314" width="3.9370078740157" />
  </footprint>
  <symbol name="EB2532YA12-25.000M_TR" originx="0" originy="0">
    <line originx="200" originy="100" endx="1600" endy="100" width="0" />
    <line originx="1600" originy="-200" endx="1600" endy="100" width="0" />
    <line originx="1600" originy="-200" endx="200" endy="-200" width="0" />
    <line originx="200" originy="100" endx="200" endy="-200" width="0" />
    <sympin number="1" originx="200" originy="0" rotation="180" length="100" width="7.8740157480315" flipped="False">
      <text name="pinname" originx="230" originy="0" style="Default" rotation="0" justify="left" flipped="False" hidden="False" data="CRYSTAL_1" />
      <text name="pindes" originx="140" originy="20" style="Default" rotation="0" justify="lowerright" flipped="False" hidden="False" data="1" />
    </sympin>
    <sympin number="2" originx="200" originy="-100" rotation="180" length="100" width="7.8740157480315" flipped="False">
      <text name="pinname" originx="230" originy="-100" style="Default" rotation="0" justify="left" flipped="False" hidden="False" data="COVER/GROUND" />
      <text name="pindes" originx="140" originy="-80" style="Default" rotation="0" justify="lowerright" flipped="False" hidden="False" data="2" />
    </sympin>
    <sympin number="3" originx="1600" originy="-100" rotation="0" length="100" width="7.8740157480315" flipped="False">
      <text name="pinname" originx="1570" originy="-100" style="Default" rotation="0" justify="right" flipped="False" hidden="False" data="CRYSTAL_2" />
      <text name="pindes" originx="1660" originy="-80" style="Default" rotation="0" justify="lowerleft" flipped="False" hidden="False" data="3" />
    </sympin>
    <sympin number="4" originx="1600" originy="0" rotation="0" length="100" width="7.8740157480315" flipped="False">
      <text name="pinname" originx="1570" originy="0" style="Default" rotation="0" justify="right" flipped="False" hidden="False" data="NO_CONNECT" />
      <text name="pindes" originx="1660" originy="20" style="Default" rotation="0" justify="lowerleft" flipped="False" hidden="False" data="4" />
    </sympin>
  </symbol>
  <component name="EB2532YA12-25.000M_TR" designatorprefix="Y" height="31.496062992126" footprint="EB2532YA1225000MTR">
    <comppin designator="1" sympin="1" pinswap="0" gateswap="0" gate="1" group="1" side="" type="Any" name="CRYSTAL_1" />
    <comppin designator="2" sympin="2" pinswap="0" gateswap="0" gate="1" group="1" side="" type="Any" name="COVER/GROUND" />
    <comppin designator="3" sympin="3" pinswap="0" gateswap="0" gate="1" group="1" side="" type="Any" name="CRYSTAL_2" />
    <comppin designator="4" sympin="4" pinswap="0" gateswap="0" gate="1" group="1" side="" type="Any" name="NO_CONNECT" />
    <attached_symbol gate="1" name="EB2532YA12-25.000M_TR" />
    <pinmap designator="1" footprintpin="1" />
    <pinmap designator="2" footprintpin="2" />
    <pinmap designator="3" footprintpin="3" />
    <pinmap designator="4" footprintpin="4" />
    <text name="Datasheet" originx="0" originy="0" style="Default" rotation="0" justify="" flipped="False" hidden="True" data="http://www.ecliptek.com/SpecSheetGenerator/specific.aspx?PartNumber=EB2532YA12-25.000M TR" />
    <text name="Description" originx="0" originy="0" style="Default" rotation="0" justify="" flipped="False" hidden="True" data="Resonators 25MHz 50ppm -40C +125C AEC-Q200" />
    <text name="Mouser Part Number" originx="0" originy="0" style="Default" rotation="0" justify="" flipped="False" hidden="True" data="669-EB2532YA12-25T" />
    <text name="Mouser Price/Stock" originx="0" originy="0" style="Default" rotation="0" justify="" flipped="False" hidden="True" data="https://www.mouser.co.uk/ProductDetail/Ecliptek-Abracon/EB2532YA12-25.000M-TR?qs=w%2Fv1CP2dgqpZsfARvpEpvQ%3D%3D" />
    <text name="Manufacturer_Name" originx="0" originy="0" style="Default" rotation="0" justify="" flipped="False" hidden="True" data="Ecliptek" />
    <text name="Manufacturer_Part_Number" originx="1650" originy="200" style="Default" rotation="0" justify="left" flipped="False" hidden="False" data="EB2532YA12-25.000M TR" />
  </component>
</quadcept_library>
