<?xml version="1.0" encoding="utf-8"?>
<!--/12013542/1127645/2.50/2/3/Connector/-->
<quadcept_library>
  <setting unit="mil" />
  <textstyle name="Default" height="47.244094488189" strokewidth="7.8740157480315" charwidth="47.244094488189" />
  <textstyle name="Dimension" height="19.6850393700787" strokewidth="0" charwidth="19.6850393700787" />
  <textstyle name="H127W0635TH00762" height="50" strokewidth="3" charwidth="25" />
  <textstyle name="H15W15TH02" height="59.0551181102362" strokewidth="7.8740157480315" charwidth="59.0551181102362" />
  <padstyle name="s153_h102" surface="False" plated="True" isvia="False" nopaste="True" nomask="True" complex="False" holesize="40.15748031496">
    <padshape layer="TOP" shape="square" width="60.23622047244" height="60.23622047244" />
    <padshape layer="TOP_SOLDER_MASK" shape="square" width="68.110236220472" height="68.110236220472" />
    <padshape layer="INNER" shape="square" width="60.23622047244" height="60.23622047244" />
    <padshape layer="BOTTOM" shape="square" width="60.23622047244" height="60.23622047244" />
    <padshape layer="BOTTOM_SOLDER_MASK" shape="square" width="68.110236220472" height="68.110236220472" />
  </padstyle>
  <padstyle name="c153_h102" surface="False" plated="True" isvia="False" nopaste="True" nomask="True" complex="False" holesize="40.15748031496">
    <padshape layer="TOP" shape="round" width="60.23622047244" height="60.23622047244" />
    <padshape layer="TOP_SOLDER_MASK" shape="round" width="68.110236220472" height="68.110236220472" />
    <padshape layer="INNER" shape="round" width="60.23622047244" height="60.23622047244" />
    <padshape layer="BOTTOM" shape="round" width="60.23622047244" height="60.23622047244" />
    <padshape layer="BOTTOM_SOLDER_MASK" shape="round" width="68.110236220472" height="68.110236220472" />
  </padstyle>
  <footprint name="22122024" originx="0" originy="0" pickpointx="0" pickpointy="0">
    <pcbpin number="1" name="1" style="s153_h102" originx="0" originy="0" rotation="90" />
    <pcbpin number="2" name="2" style="c153_h102" originx="99.999999999999" originy="0" rotation="90" />
    <line layer="TOP_ASSEMBLY" originx="-49.999999999999" originy="225.1968503937" endx="150" endy="225.1968503937" width="3.9370078740157" />
    <line layer="TOP_ASSEMBLY" originx="150" originy="225.1968503937" endx="150" endy="99.999999999999" width="3.9370078740157" />
    <line layer="TOP_ASSEMBLY" originx="150" originy="99.999999999999" endx="-49.999999999999" endy="99.999999999999" width="3.9370078740157" />
    <line layer="TOP_ASSEMBLY" originx="-49.999999999999" originy="99.999999999999" endx="-49.999999999999" endy="225.1968503937" width="3.9370078740157" />
    <line layer="TOP_SILKSCREEN" originx="-49.999999999999" originy="225.1968503937" endx="150" endy="225.1968503937" width="7.8740157480314" />
    <line layer="TOP_SILKSCREEN" originx="150" originy="225.1968503937" endx="150" endy="99.999999999999" width="7.8740157480314" />
    <line layer="TOP_SILKSCREEN" originx="150" originy="99.999999999999" endx="-49.999999999999" endy="99.999999999999" width="7.8740157480314" />
    <line layer="TOP_SILKSCREEN" originx="-49.999999999999" originy="99.999999999999" endx="-49.999999999999" endy="225.1968503937" width="7.8740157480314" />
    <line layer="TOP_PLACE_BOUND" originx="-89.370078740156" originy="528.74015748031" endx="189.37007874016" endy="528.74015748031" width="3.9370078740157" />
    <line layer="TOP_PLACE_BOUND" originx="189.37007874016" originy="528.74015748031" endx="189.37007874016" endy="-69.488188976377" width="3.9370078740157" />
    <line layer="TOP_PLACE_BOUND" originx="189.37007874016" originy="-69.488188976377" endx="-89.370078740156" endy="-69.488188976377" width="3.9370078740157" />
    <line layer="TOP_PLACE_BOUND" originx="-89.370078740156" originy="-69.488188976377" endx="-89.370078740156" endy="528.74015748031" width="3.9370078740157" />
    <line layer="TOP_ASSEMBLY" originx="0" originy="489.37007874015" endx="0" endy="225.1968503937" width="3.9370078740157" />
    <line layer="TOP_ASSEMBLY" originx="99.999999999999" originy="489.37007874015" endx="99.999999999999" endy="225.1968503937" width="3.9370078740157" />
    <line layer="TOP_SILKSCREEN" originx="0" originy="489.37007874015" endx="0" endy="225.1968503937" width="7.8740157480314" />
    <line layer="TOP_SILKSCREEN" originx="99.999999999999" originy="489.37007874015" endx="99.999999999999" endy="225.1968503937" width="7.8740157480314" />
    <line layer="TOP_SILKSCREEN" originx="0" originy="-47.244094488188" endx="0" endy="-47.244094488188" width="3.9370078740157" />
    <arc layer="TOP_SILKSCREEN" originx="1.6391087961985E-15" originy="-49.212598425196" startangle="90.0" sweepangle="180.0" radius="1.9685039370079" width="3.9370078740157" />
    <line layer="TOP_SILKSCREEN" originx="0" originy="-51.181102362204" endx="0" endy="-51.181102362204" width="3.9370078740157" />
    <arc layer="TOP_SILKSCREEN" originx="1.6391087961985E-15" originy="-49.212598425196" startangle="-90.0" sweepangle="180.0" radius="1.9685039370079" width="3.9370078740157" />
  </footprint>
  <symbol name="22-12-2024" originx="0" originy="0">
    <line originx="200" originy="100" endx="600" endy="100" width="0" />
    <line originx="600" originy="-200" endx="600" endy="100" width="0" />
    <line originx="600" originy="-200" endx="200" endy="-200" width="0" />
    <line originx="200" originy="100" endx="200" endy="-200" width="0" />
    <sympin number="1" originx="200" originy="0" rotation="180" length="100" width="7.8740157480315" flipped="False">
      <text name="pinname" originx="230" originy="0" style="Default" rotation="0" justify="left" flipped="False" hidden="False" data="1" />
      <text name="pindes" originx="140" originy="20" style="Default" rotation="0" justify="lowerright" flipped="False" hidden="False" data="1" />
    </sympin>
    <sympin number="2" originx="200" originy="-100" rotation="180" length="100" width="7.8740157480315" flipped="False">
      <text name="pinname" originx="230" originy="-100" style="Default" rotation="0" justify="left" flipped="False" hidden="False" data="2" />
      <text name="pindes" originx="140" originy="-80" style="Default" rotation="0" justify="lowerright" flipped="False" hidden="False" data="2" />
    </sympin>
  </symbol>
  <component name="22-12-2024" designatorprefix="J" height="259.84251968504" footprint="22122024">
    <comppin designator="1" sympin="1" pinswap="0" gateswap="0" gate="1" group="1" side="" type="Any" name="1" />
    <comppin designator="2" sympin="2" pinswap="0" gateswap="0" gate="1" group="1" side="" type="Any" name="2" />
    <attached_symbol gate="1" name="22-12-2024" />
    <pinmap designator="1" footprintpin="1" />
    <pinmap designator="2" footprintpin="2" />
    <text name="Datasheet" originx="0" originy="0" style="Default" rotation="0" justify="" flipped="False" hidden="True" data="https://www.molex.com/pdm_docs/sd/022122024_sd.pdf" />
    <text name="Description" originx="0" originy="0" style="Default" rotation="0" justify="" flipped="False" hidden="True" data="Headers &amp; Wire Housings R/A PCB HDR 2P GOLD FRICTION LOCK" />
    <text name="Mouser Part Number" originx="0" originy="0" style="Default" rotation="0" justify="" flipped="False" hidden="True" data="538-22-12-2024" />
    <text name="Mouser Price/Stock" originx="0" originy="0" style="Default" rotation="0" justify="" flipped="False" hidden="True" data="https://www.mouser.co.uk/ProductDetail/Molex/22-12-2024?qs=MuwpYaHj753tGAKgaPsRPQ%3D%3D" />
    <text name="Manufacturer_Name" originx="0" originy="0" style="Default" rotation="0" justify="" flipped="False" hidden="True" data="Molex" />
    <text name="Manufacturer_Part_Number" originx="650" originy="200" style="Default" rotation="0" justify="left" flipped="False" hidden="False" data="22-12-2024" />
  </component>
</quadcept_library>
